"Showing 1 to 1 of 1 entries","AC","AC, Acre","http://www.zend.com/en/services/certification/zend-certified-engineer-directory#cid=30&sid=AC&certtype_php=on&certtype=PHP&firstname=&lastname=&company=&ClientCandidateID="
"Showing 0 to 0 of 0 entries","AL","AL, Alagoas","http://www.zend.com/en/services/certification/zend-certified-engineer-directory#cid=30&sid=AL&certtype_php=on&certtype=PHP&firstname=&lastname=&company=&ClientCandidateID="
"Showing 1 to 1 of 1 entries","AM","AM, Amazonas","http://www.zend.com/en/services/certification/zend-certified-engineer-directory#cid=30&sid=AM&certtype_php=on&certtype=PHP&firstname=&lastname=&company=&ClientCandidateID="
"Showing 0 to 0 of 0 entries","AP","AP, Amapá","http://www.zend.com/en/services/certification/zend-certified-engineer-directory#cid=30&sid=AP&certtype_php=on&certtype=PHP&firstname=&lastname=&company=&ClientCandidateID="
"Showing 1 to 7 of 7 entries","BA","BA, Bahia","http://www.zend.com/en/services/certification/zend-certified-engineer-directory#cid=30&sid=BA&certtype_php=on&certtype=PHP&firstname=&lastname=&company=&ClientCandidateID="
"Showing 1 to 5 of 5 entries","CE","CE, Ceará","http://www.zend.com/en/services/certification/zend-certified-engineer-directory#cid=30&sid=CE&certtype_php=on&certtype=PHP&firstname=&lastname=&company=&ClientCandidateID="
"Showing 1 to 10 of 43 entries","DF","DF, Distrito Federal","http://www.zend.com/en/services/certification/zend-certified-engineer-directory#cid=30&sid=DF&certtype_php=on&certtype=PHP&firstname=&lastname=&company=&ClientCandidateID="
"Showing 1 to 2 of 2 entries","ES","ES, Espírito Santo","http://www.zend.com/en/services/certification/zend-certified-engineer-directory#cid=30&sid=ES&certtype_php=on&certtype=PHP&firstname=&lastname=&company=&ClientCandidateID="
"Showing 1 to 3 of 3 entries","GO","GO, Goiás","http://www.zend.com/en/services/certification/zend-certified-engineer-directory#cid=30&sid=GO&certtype_php=on&certtype=PHP&firstname=&lastname=&company=&ClientCandidateID="
"Showing 1 to 2 of 2 entries","MA","MA, Maranhão","http://www.zend.com/en/services/certification/zend-certified-engineer-directory#cid=30&sid=MA&certtype_php=on&certtype=PHP&firstname=&lastname=&company=&ClientCandidateID="
"Showing 1 to 10 of 22 entries","MG","MG, Minas Gerais","http://www.zend.com/en/services/certification/zend-certified-engineer-directory#cid=30&sid=MG&certtype_php=on&certtype=PHP&firstname=&lastname=&company=&ClientCandidateID="
"Showing 1 to 1 of 1 entries","MS","MS, MatoGrosso do Sul","http://www.zend.com/en/services/certification/zend-certified-engineer-directory#cid=30&sid=MS&certtype_php=on&certtype=PHP&firstname=&lastname=&company=&ClientCandidateID="
"Showing 0 to 0 of 0 entries","MT","MT, MatoGrosso","http://www.zend.com/en/services/certification/zend-certified-engineer-directory#cid=30&sid=MT&certtype_php=on&certtype=PHP&firstname=&lastname=&company=&ClientCandidateID="
"Showing 0 to 0 of 0 entries","PA","PA, Pará","http://www.zend.com/en/services/certification/zend-certified-engineer-directory#cid=30&sid=PA&certtype_php=on&certtype=PHP&firstname=&lastname=&company=&ClientCandidateID="
"Showing 1 to 5 of 5 entries","PB","PB, Paraíba","http://www.zend.com/en/services/certification/zend-certified-engineer-directory#cid=30&sid=PB&certtype_php=on&certtype=PHP&firstname=&lastname=&company=&ClientCandidateID="
"Showing 1 to 10 of 19 entries","PE","PE, Pernambuco","http://www.zend.com/en/services/certification/zend-certified-engineer-directory#cid=30&sid=PE&certtype_php=on&certtype=PHP&firstname=&lastname=&company=&ClientCandidateID="
"Showing 0 to 0 of 0 entries","PI","PI, Piauí","http://www.zend.com/en/services/certification/zend-certified-engineer-directory#cid=30&sid=PI&certtype_php=on&certtype=PHP&firstname=&lastname=&company=&ClientCandidateID="
"Showing 1 to 9 of 9 entries","PR","PR, Paraná","http://www.zend.com/en/services/certification/zend-certified-engineer-directory#cid=30&sid=PR&certtype_php=on&certtype=PHP&firstname=&lastname=&company=&ClientCandidateID="
"Showing 1 to 10 of 12 entries","RJ","RJ, Rio de Janeiro","http://www.zend.com/en/services/certification/zend-certified-engineer-directory#cid=30&sid=RJ&certtype_php=on&certtype=PHP&firstname=&lastname=&company=&ClientCandidateID="
"Showing 0 to 0 of 0 entries","RN","RN, Rio Grande do Norte","http://www.zend.com/en/services/certification/zend-certified-engineer-directory#cid=30&sid=RN&certtype_php=on&certtype=PHP&firstname=&lastname=&company=&ClientCandidateID="
"Showing 0 to 0 of 0 entries","RO","RO, Rondônia","http://www.zend.com/en/services/certification/zend-certified-engineer-directory#cid=30&sid=RO&certtype_php=on&certtype=PHP&firstname=&lastname=&company=&ClientCandidateID="
"Showing 0 to 0 of 0 entries","RR","RR, Roraima","http://www.zend.com/en/services/certification/zend-certified-engineer-directory#cid=30&sid=RR&certtype_php=on&certtype=PHP&firstname=&lastname=&company=&ClientCandidateID="
"Showing 1 to 9 of 9 entries","RS","RS, Rio Grande do Sul","http://www.zend.com/en/services/certification/zend-certified-engineer-directory#cid=30&sid=RS&certtype_php=on&certtype=PHP&firstname=&lastname=&company=&ClientCandidateID="
"Showing 1 to 10 of 14 entries","SC","SC, Santa Catarina","http://www.zend.com/en/services/certification/zend-certified-engineer-directory#cid=30&sid=SC&certtype_php=on&certtype=PHP&firstname=&lastname=&company=&ClientCandidateID="
"Showing 0 to 0 of 0 entries","SE","SE, Sergipe","http://www.zend.com/en/services/certification/zend-certified-engineer-directory#cid=30&sid=SE&certtype_php=on&certtype=PHP&firstname=&lastname=&company=&ClientCandidateID="
"Showing 1 to 10 of 84 entries","SP","SP, São Paulo","http://www.zend.com/en/services/certification/zend-certified-engineer-directory#cid=30&sid=SP&certtype_php=on&certtype=PHP&firstname=&lastname=&company=&ClientCandidateID="
"Showing 0 to 0 of 0 entries","TO","TO, Tocantins","http://www.zend.com/en/services/certification/zend-certified-engineer-directory#cid=30&sid=TO&certtype_php=on&certtype=PHP&firstname=&lastname=&company=&ClientCandidateID="
