"Showing 0 to 0 of 0 entries","247","Afghanistan","http://www.zend.com/en/services/certification/zend-certified-engineer-directory#cid=247&sid=&certtype_php=on&certtype=PHP&firstname=&lastname=&company=&ClientCandidateID="
"Showing 0 to 0 of 0 entries","253","Aland Islands","http://www.zend.com/en/services/certification/zend-certified-engineer-directory#cid=253&sid=&certtype_php=on&certtype=PHP&firstname=&lastname=&company=&ClientCandidateID="
"Showing 1 to 5 of 5 entries","2","Albania","http://www.zend.com/en/services/certification/zend-certified-engineer-directory#cid=2&sid=&certtype_php=on&certtype=PHP&firstname=&lastname=&company=&ClientCandidateID="
"Showing 1 to 2 of 2 entries","3","Algeria","http://www.zend.com/en/services/certification/zend-certified-engineer-directory#cid=3&sid=&certtype_php=on&certtype=PHP&firstname=&lastname=&company=&ClientCandidateID="
"Showing 0 to 0 of 0 entries","4","American Samoa","http://www.zend.com/en/services/certification/zend-certified-engineer-directory#cid=4&sid=&certtype_php=on&certtype=PHP&firstname=&lastname=&company=&ClientCandidateID="
"Showing 0 to 0 of 0 entries","5","Andorra","http://www.zend.com/en/services/certification/zend-certified-engineer-directory#cid=5&sid=&certtype_php=on&certtype=PHP&firstname=&lastname=&company=&ClientCandidateID="
"Showing 0 to 0 of 0 entries","6","Angola","http://www.zend.com/en/services/certification/zend-certified-engineer-directory#cid=6&sid=&certtype_php=on&certtype=PHP&firstname=&lastname=&company=&ClientCandidateID="
"Showing 0 to 0 of 0 entries","7","Anguilla","http://www.zend.com/en/services/certification/zend-certified-engineer-directory#cid=7&sid=&certtype_php=on&certtype=PHP&firstname=&lastname=&company=&ClientCandidateID="
"Showing 0 to 0 of 0 entries","9","Antigua And Barbuda","http://www.zend.com/en/services/certification/zend-certified-engineer-directory#cid=9&sid=&certtype_php=on&certtype=PHP&firstname=&lastname=&company=&ClientCandidateID="
"Showing 1 to 10 of 21 entries","10","Argentina","http://www.zend.com/en/services/certification/zend-certified-engineer-directory#cid=10&sid=&certtype_php=on&certtype=PHP&firstname=&lastname=&company=&ClientCandidateID="
"Showing 1 to 2 of 2 entries","11","Armenia","http://www.zend.com/en/services/certification/zend-certified-engineer-directory#cid=11&sid=&certtype_php=on&certtype=PHP&firstname=&lastname=&company=&ClientCandidateID="
"Showing 0 to 0 of 0 entries","12","Aruba","http://www.zend.com/en/services/certification/zend-certified-engineer-directory#cid=12&sid=&certtype_php=on&certtype=PHP&firstname=&lastname=&company=&ClientCandidateID="
"Showing 1 to 10 of 244 entries","13","Australia","http://www.zend.com/en/services/certification/zend-certified-engineer-directory#cid=13&sid=&certtype_php=on&certtype=PHP&firstname=&lastname=&company=&ClientCandidateID="
"Showing 1 to 10 of 78 entries","14","Austria","http://www.zend.com/en/services/certification/zend-certified-engineer-directory#cid=14&sid=&certtype_php=on&certtype=PHP&firstname=&lastname=&company=&ClientCandidateID="
"Showing 1 to 6 of 6 entries","15","Azerbaijan","http://www.zend.com/en/services/certification/zend-certified-engineer-directory#cid=15&sid=&certtype_php=on&certtype=PHP&firstname=&lastname=&company=&ClientCandidateID="
"Showing 0 to 0 of 0 entries","16","Bahamas","http://www.zend.com/en/services/certification/zend-certified-engineer-directory#cid=16&sid=&certtype_php=on&certtype=PHP&firstname=&lastname=&company=&ClientCandidateID="
"Showing 1 to 3 of 3 entries","17","Bahrain","http://www.zend.com/en/services/certification/zend-certified-engineer-directory#cid=17&sid=&certtype_php=on&certtype=PHP&firstname=&lastname=&company=&ClientCandidateID="
"Showing 1 to 10 of 87 entries","18","Bangladesh","http://www.zend.com/en/services/certification/zend-certified-engineer-directory#cid=18&sid=&certtype_php=on&certtype=PHP&firstname=&lastname=&company=&ClientCandidateID="
"Showing 1 to 1 of 1 entries","19","Barbados","http://www.zend.com/en/services/certification/zend-certified-engineer-directory#cid=19&sid=&certtype_php=on&certtype=PHP&firstname=&lastname=&company=&ClientCandidateID="
"Showing 1 to 10 of 83 entries","20","Belarus","http://www.zend.com/en/services/certification/zend-certified-engineer-directory#cid=20&sid=&certtype_php=on&certtype=PHP&firstname=&lastname=&company=&ClientCandidateID="
"Showing 1 to 10 of 191 entries","21","Belgium","http://www.zend.com/en/services/certification/zend-certified-engineer-directory#cid=21&sid=&certtype_php=on&certtype=PHP&firstname=&lastname=&company=&ClientCandidateID="
"Showing 1 to 1 of 1 entries","22","Belize","http://www.zend.com/en/services/certification/zend-certified-engineer-directory#cid=22&sid=&certtype_php=on&certtype=PHP&firstname=&lastname=&company=&ClientCandidateID="
"Showing 1 to 1 of 1 entries","23","Benin","http://www.zend.com/en/services/certification/zend-certified-engineer-directory#cid=23&sid=&certtype_php=on&certtype=PHP&firstname=&lastname=&company=&ClientCandidateID="
"Showing 1 to 1 of 1 entries","24","Bermuda","http://www.zend.com/en/services/certification/zend-certified-engineer-directory#cid=24&sid=&certtype_php=on&certtype=PHP&firstname=&lastname=&company=&ClientCandidateID="
"Showing 0 to 0 of 0 entries","25","Bhutan","http://www.zend.com/en/services/certification/zend-certified-engineer-directory#cid=25&sid=&certtype_php=on&certtype=PHP&firstname=&lastname=&company=&ClientCandidateID="
"Showing 1 to 3 of 3 entries","26","Bolivia","http://www.zend.com/en/services/certification/zend-certified-engineer-directory#cid=26&sid=&certtype_php=on&certtype=PHP&firstname=&lastname=&company=&ClientCandidateID="
"Showing 1 to 6 of 6 entries","27","Bosnia and Herzegovina","http://www.zend.com/en/services/certification/zend-certified-engineer-directory#cid=27&sid=&certtype_php=on&certtype=PHP&firstname=&lastname=&company=&ClientCandidateID="
"Showing 1 to 4 of 4 entries","28","Botswana","http://www.zend.com/en/services/certification/zend-certified-engineer-directory#cid=28&sid=&certtype_php=on&certtype=PHP&firstname=&lastname=&company=&ClientCandidateID="
"Showing 0 to 0 of 0 entries","29","Bouvet Island","http://www.zend.com/en/services/certification/zend-certified-engineer-directory#cid=29&sid=&certtype_php=on&certtype=PHP&firstname=&lastname=&company=&ClientCandidateID="
"Showing 1 to 10 of 403 entries","30","Brazil","http://www.zend.com/en/services/certification/zend-certified-engineer-directory#cid=30&sid=&certtype_php=on&certtype=PHP&firstname=&lastname=&company=&ClientCandidateID="
"Showing 0 to 0 of 0 entries","31","British Indean Ocean Territory","http://www.zend.com/en/services/certification/zend-certified-engineer-directory#cid=31&sid=&certtype_php=on&certtype=PHP&firstname=&lastname=&company=&ClientCandidateID="
"Showing 0 to 0 of 0 entries","32","Brunei","http://www.zend.com/en/services/certification/zend-certified-engineer-directory#cid=32&sid=&certtype_php=on&certtype=PHP&firstname=&lastname=&company=&ClientCandidateID="
"Showing 1 to 10 of 65 entries","33","Bulgaria","http://www.zend.com/en/services/certification/zend-certified-engineer-directory#cid=33&sid=&certtype_php=on&certtype=PHP&firstname=&lastname=&company=&ClientCandidateID="
"Showing 0 to 0 of 0 entries","34","Burkina Faso","http://www.zend.com/en/services/certification/zend-certified-engineer-directory#cid=34&sid=&certtype_php=on&certtype=PHP&firstname=&lastname=&company=&ClientCandidateID="
"Showing 0 to 0 of 0 entries","36","Burundi","http://www.zend.com/en/services/certification/zend-certified-engineer-directory#cid=36&sid=&certtype_php=on&certtype=PHP&firstname=&lastname=&company=&ClientCandidateID="
"Showing 0 to 0 of 0 entries","37","Cambodia","http://www.zend.com/en/services/certification/zend-certified-engineer-directory#cid=37&sid=&certtype_php=on&certtype=PHP&firstname=&lastname=&company=&ClientCandidateID="
"Showing 1 to 4 of 4 entries","38","Cameroon","http://www.zend.com/en/services/certification/zend-certified-engineer-directory#cid=38&sid=&certtype_php=on&certtype=PHP&firstname=&lastname=&company=&ClientCandidateID="
"Showing 1 to 10 of 385 entries","39","Canada","http://www.zend.com/en/services/certification/zend-certified-engineer-directory#cid=39&sid=&certtype_php=on&certtype=PHP&firstname=&lastname=&company=&ClientCandidateID="
"Showing 0 to 0 of 0 entries","40","Cape Verde","http://www.zend.com/en/services/certification/zend-certified-engineer-directory#cid=40&sid=&certtype_php=on&certtype=PHP&firstname=&lastname=&company=&ClientCandidateID="
"Showing 0 to 0 of 0 entries","41","Cayman Islands","http://www.zend.com/en/services/certification/zend-certified-engineer-directory#cid=41&sid=&certtype_php=on&certtype=PHP&firstname=&lastname=&company=&ClientCandidateID="
"Showing 0 to 0 of 0 entries","42","Central African Republic","http://www.zend.com/en/services/certification/zend-certified-engineer-directory#cid=42&sid=&certtype_php=on&certtype=PHP&firstname=&lastname=&company=&ClientCandidateID="
"Showing 0 to 0 of 0 entries","43","Chad","http://www.zend.com/en/services/certification/zend-certified-engineer-directory#cid=43&sid=&certtype_php=on&certtype=PHP&firstname=&lastname=&company=&ClientCandidateID="
"Showing 1 to 9 of 9 entries","44","Chile","http://www.zend.com/en/services/certification/zend-certified-engineer-directory#cid=44&sid=&certtype_php=on&certtype=PHP&firstname=&lastname=&company=&ClientCandidateID="
"Showing 1 to 10 of 91 entries","45","China","http://www.zend.com/en/services/certification/zend-certified-engineer-directory#cid=45&sid=&certtype_php=on&certtype=PHP&firstname=&lastname=&company=&ClientCandidateID="
"Showing 0 to 0 of 0 entries","46","Christmas Island","http://www.zend.com/en/services/certification/zend-certified-engineer-directory#cid=46&sid=&certtype_php=on&certtype=PHP&firstname=&lastname=&company=&ClientCandidateID="
"Showing 0 to 0 of 0 entries","47","Cocos (Keeling) Islands","http://www.zend.com/en/services/certification/zend-certified-engineer-directory#cid=47&sid=&certtype_php=on&certtype=PHP&firstname=&lastname=&company=&ClientCandidateID="
"Showing 1 to 10 of 34 entries","48","Colombia","http://www.zend.com/en/services/certification/zend-certified-engineer-directory#cid=48&sid=&certtype_php=on&certtype=PHP&firstname=&lastname=&company=&ClientCandidateID="
"Showing 0 to 0 of 0 entries","49","Comoros","http://www.zend.com/en/services/certification/zend-certified-engineer-directory#cid=49&sid=&certtype_php=on&certtype=PHP&firstname=&lastname=&company=&ClientCandidateID="
"Showing 0 to 0 of 0 entries","50","Congo","http://www.zend.com/en/services/certification/zend-certified-engineer-directory#cid=50&sid=&certtype_php=on&certtype=PHP&firstname=&lastname=&company=&ClientCandidateID="
"Showing 1 to 1 of 1 entries","51","Congo, Democratic Republic","http://www.zend.com/en/services/certification/zend-certified-engineer-directory#cid=51&sid=&certtype_php=on&certtype=PHP&firstname=&lastname=&company=&ClientCandidateID="
"Showing 0 to 0 of 0 entries","52","Cook Islands","http://www.zend.com/en/services/certification/zend-certified-engineer-directory#cid=52&sid=&certtype_php=on&certtype=PHP&firstname=&lastname=&company=&ClientCandidateID="
"Showing 1 to 10 of 10 entries","53","Costa Rica","http://www.zend.com/en/services/certification/zend-certified-engineer-directory#cid=53&sid=&certtype_php=on&certtype=PHP&firstname=&lastname=&company=&ClientCandidateID="
"Showing 1 to 10 of 19 entries","55","Croatia","http://www.zend.com/en/services/certification/zend-certified-engineer-directory#cid=55&sid=&certtype_php=on&certtype=PHP&firstname=&lastname=&company=&ClientCandidateID="
"Showing 0 to 0 of 0 entries","246","Cuba","http://www.zend.com/en/services/certification/zend-certified-engineer-directory#cid=246&sid=&certtype_php=on&certtype=PHP&firstname=&lastname=&company=&ClientCandidateID="
"Showing 1 to 2 of 2 entries","56","Cyprus","http://www.zend.com/en/services/certification/zend-certified-engineer-directory#cid=56&sid=&certtype_php=on&certtype=PHP&firstname=&lastname=&company=&ClientCandidateID="
"Showing 1 to 10 of 77 entries","57","Czech Republic","http://www.zend.com/en/services/certification/zend-certified-engineer-directory#cid=57&sid=&certtype_php=on&certtype=PHP&firstname=&lastname=&company=&ClientCandidateID="
"Showing 1 to 10 of 44 entries","58","Denmark","http://www.zend.com/en/services/certification/zend-certified-engineer-directory#cid=58&sid=&certtype_php=on&certtype=PHP&firstname=&lastname=&company=&ClientCandidateID="
"Showing 0 to 0 of 0 entries","59","Djibouti","http://www.zend.com/en/services/certification/zend-certified-engineer-directory#cid=59&sid=&certtype_php=on&certtype=PHP&firstname=&lastname=&company=&ClientCandidateID="
"Showing 0 to 0 of 0 entries","60","Dominica","http://www.zend.com/en/services/certification/zend-certified-engineer-directory#cid=60&sid=&certtype_php=on&certtype=PHP&firstname=&lastname=&company=&ClientCandidateID="
"Showing 1 to 8 of 8 entries","61","Dominican Republic","http://www.zend.com/en/services/certification/zend-certified-engineer-directory#cid=61&sid=&certtype_php=on&certtype=PHP&firstname=&lastname=&company=&ClientCandidateID="
"Showing 1 to 4 of 4 entries","62","East Timor","http://www.zend.com/en/services/certification/zend-certified-engineer-directory#cid=62&sid=&certtype_php=on&certtype=PHP&firstname=&lastname=&company=&ClientCandidateID="
"Showing 1 to 10 of 51 entries","63","Ecuador","http://www.zend.com/en/services/certification/zend-certified-engineer-directory#cid=63&sid=&certtype_php=on&certtype=PHP&firstname=&lastname=&company=&ClientCandidateID="
"Showing 1 to 10 of 14 entries","64","Egypt","http://www.zend.com/en/services/certification/zend-certified-engineer-directory#cid=64&sid=&certtype_php=on&certtype=PHP&firstname=&lastname=&company=&ClientCandidateID="
"Showing 0 to 0 of 0 entries","65","El Salvador","http://www.zend.com/en/services/certification/zend-certified-engineer-directory#cid=65&sid=&certtype_php=on&certtype=PHP&firstname=&lastname=&company=&ClientCandidateID="
"Showing 0 to 0 of 0 entries","67","Equatorial Guinea","http://www.zend.com/en/services/certification/zend-certified-engineer-directory#cid=67&sid=&certtype_php=on&certtype=PHP&firstname=&lastname=&company=&ClientCandidateID="
"Showing 0 to 0 of 0 entries","68","Eritrea","http://www.zend.com/en/services/certification/zend-certified-engineer-directory#cid=68&sid=&certtype_php=on&certtype=PHP&firstname=&lastname=&company=&ClientCandidateID="
"Showing 1 to 10 of 29 entries","70","Estonia","http://www.zend.com/en/services/certification/zend-certified-engineer-directory#cid=70&sid=&certtype_php=on&certtype=PHP&firstname=&lastname=&company=&ClientCandidateID="
"Showing 1 to 1 of 1 entries","71","Ethiopia","http://www.zend.com/en/services/certification/zend-certified-engineer-directory#cid=71&sid=&certtype_php=on&certtype=PHP&firstname=&lastname=&company=&ClientCandidateID="
"Showing 0 to 0 of 0 entries","72","Falkland Islands","http://www.zend.com/en/services/certification/zend-certified-engineer-directory#cid=72&sid=&certtype_php=on&certtype=PHP&firstname=&lastname=&company=&ClientCandidateID="
"Showing 0 to 0 of 0 entries","73","Faroe Islands","http://www.zend.com/en/services/certification/zend-certified-engineer-directory#cid=73&sid=&certtype_php=on&certtype=PHP&firstname=&lastname=&company=&ClientCandidateID="
"Showing 1 to 1 of 1 entries","74","Fiji","http://www.zend.com/en/services/certification/zend-certified-engineer-directory#cid=74&sid=&certtype_php=on&certtype=PHP&firstname=&lastname=&company=&ClientCandidateID="
"Showing 1 to 10 of 52 entries","75","Finland","http://www.zend.com/en/services/certification/zend-certified-engineer-directory#cid=75&sid=&certtype_php=on&certtype=PHP&firstname=&lastname=&company=&ClientCandidateID="
"Showing 1 to 10 of 619 entries","76","France","http://www.zend.com/en/services/certification/zend-certified-engineer-directory#cid=76&sid=&certtype_php=on&certtype=PHP&firstname=&lastname=&company=&ClientCandidateID="
"Showing 0 to 0 of 0 entries","77","French Guiana","http://www.zend.com/en/services/certification/zend-certified-engineer-directory#cid=77&sid=&certtype_php=on&certtype=PHP&firstname=&lastname=&company=&ClientCandidateID="
"Showing 0 to 0 of 0 entries","78","French Polynesia","http://www.zend.com/en/services/certification/zend-certified-engineer-directory#cid=78&sid=&certtype_php=on&certtype=PHP&firstname=&lastname=&company=&ClientCandidateID="
"Showing 0 to 0 of 0 entries","79","French Southern Territories","http://www.zend.com/en/services/certification/zend-certified-engineer-directory#cid=79&sid=&certtype_php=on&certtype=PHP&firstname=&lastname=&company=&ClientCandidateID="
"Showing 0 to 0 of 0 entries","80","Gabon","http://www.zend.com/en/services/certification/zend-certified-engineer-directory#cid=80&sid=&certtype_php=on&certtype=PHP&firstname=&lastname=&company=&ClientCandidateID="
"Showing 0 to 0 of 0 entries","81","Gambia","http://www.zend.com/en/services/certification/zend-certified-engineer-directory#cid=81&sid=&certtype_php=on&certtype=PHP&firstname=&lastname=&company=&ClientCandidateID="
"Showing 1 to 3 of 3 entries","82","Georgia","http://www.zend.com/en/services/certification/zend-certified-engineer-directory#cid=82&sid=&certtype_php=on&certtype=PHP&firstname=&lastname=&company=&ClientCandidateID="
"Showing 1 to 10 of 1,239 entries","83","Germany","http://www.zend.com/en/services/certification/zend-certified-engineer-directory#cid=83&sid=&certtype_php=on&certtype=PHP&firstname=&lastname=&company=&ClientCandidateID="
"Showing 1 to 2 of 2 entries","84","Ghana","http://www.zend.com/en/services/certification/zend-certified-engineer-directory#cid=84&sid=&certtype_php=on&certtype=PHP&firstname=&lastname=&company=&ClientCandidateID="
"Showing 0 to 0 of 0 entries","85","Gibraltar","http://www.zend.com/en/services/certification/zend-certified-engineer-directory#cid=85&sid=&certtype_php=on&certtype=PHP&firstname=&lastname=&company=&ClientCandidateID="
"Showing 1 to 9 of 9 entries","87","Greece","http://www.zend.com/en/services/certification/zend-certified-engineer-directory#cid=87&sid=&certtype_php=on&certtype=PHP&firstname=&lastname=&company=&ClientCandidateID="
"Showing 0 to 0 of 0 entries","88","Greenland","http://www.zend.com/en/services/certification/zend-certified-engineer-directory#cid=88&sid=&certtype_php=on&certtype=PHP&firstname=&lastname=&company=&ClientCandidateID="
"Showing 0 to 0 of 0 entries","89","Grenada","http://www.zend.com/en/services/certification/zend-certified-engineer-directory#cid=89&sid=&certtype_php=on&certtype=PHP&firstname=&lastname=&company=&ClientCandidateID="
"Showing 0 to 0 of 0 entries","90","Guadeloupe","http://www.zend.com/en/services/certification/zend-certified-engineer-directory#cid=90&sid=&certtype_php=on&certtype=PHP&firstname=&lastname=&company=&ClientCandidateID="
"Showing 0 to 0 of 0 entries","91","Guam","http://www.zend.com/en/services/certification/zend-certified-engineer-directory#cid=91&sid=&certtype_php=on&certtype=PHP&firstname=&lastname=&company=&ClientCandidateID="
"Showing 1 to 3 of 3 entries","92","Guatemala","http://www.zend.com/en/services/certification/zend-certified-engineer-directory#cid=92&sid=&certtype_php=on&certtype=PHP&firstname=&lastname=&company=&ClientCandidateID="
"Showing 0 to 0 of 0 entries","251","Guernsey","http://www.zend.com/en/services/certification/zend-certified-engineer-directory#cid=251&sid=&certtype_php=on&certtype=PHP&firstname=&lastname=&company=&ClientCandidateID="
"Showing 0 to 0 of 0 entries","93","Guinea","http://www.zend.com/en/services/certification/zend-certified-engineer-directory#cid=93&sid=&certtype_php=on&certtype=PHP&firstname=&lastname=&company=&ClientCandidateID="
"Showing 0 to 0 of 0 entries","94","Guinea-Bissau","http://www.zend.com/en/services/certification/zend-certified-engineer-directory#cid=94&sid=&certtype_php=on&certtype=PHP&firstname=&lastname=&company=&ClientCandidateID="
"Showing 0 to 0 of 0 entries","95","Guyana","http://www.zend.com/en/services/certification/zend-certified-engineer-directory#cid=95&sid=&certtype_php=on&certtype=PHP&firstname=&lastname=&company=&ClientCandidateID="
"Showing 0 to 0 of 0 entries","96","Haiti","http://www.zend.com/en/services/certification/zend-certified-engineer-directory#cid=96&sid=&certtype_php=on&certtype=PHP&firstname=&lastname=&company=&ClientCandidateID="
"Showing 0 to 0 of 0 entries","97","Heard And Mcdonald Islands","http://www.zend.com/en/services/certification/zend-certified-engineer-directory#cid=97&sid=&certtype_php=on&certtype=PHP&firstname=&lastname=&company=&ClientCandidateID="
"Showing 0 to 0 of 0 entries","98","Honduras","http://www.zend.com/en/services/certification/zend-certified-engineer-directory#cid=98&sid=&certtype_php=on&certtype=PHP&firstname=&lastname=&company=&ClientCandidateID="
"Showing 1 to 10 of 33 entries","99","Hong Kong","http://www.zend.com/en/services/certification/zend-certified-engineer-directory#cid=99&sid=&certtype_php=on&certtype=PHP&firstname=&lastname=&company=&ClientCandidateID="
"Showing 1 to 10 of 50 entries","100","Hungary","http://www.zend.com/en/services/certification/zend-certified-engineer-directory#cid=100&sid=&certtype_php=on&certtype=PHP&firstname=&lastname=&company=&ClientCandidateID="
"Showing 1 to 1 of 1 entries","101","Iceland","http://www.zend.com/en/services/certification/zend-certified-engineer-directory#cid=101&sid=&certtype_php=on&certtype=PHP&firstname=&lastname=&company=&ClientCandidateID="
"Showing 1 to 10 of 730 entries","102","India","http://www.zend.com/en/services/certification/zend-certified-engineer-directory#cid=102&sid=&certtype_php=on&certtype=PHP&firstname=&lastname=&company=&ClientCandidateID="
"Showing 1 to 10 of 13 entries","103","Indonesia","http://www.zend.com/en/services/certification/zend-certified-engineer-directory#cid=103&sid=&certtype_php=on&certtype=PHP&firstname=&lastname=&company=&ClientCandidateID="
"Showing 1 to 4 of 4 entries","105","Iran","http://www.zend.com/en/services/certification/zend-certified-engineer-directory#cid=105&sid=&certtype_php=on&certtype=PHP&firstname=&lastname=&company=&ClientCandidateID="
"Showing 1 to 10 of 10 entries","106","Iraq","http://www.zend.com/en/services/certification/zend-certified-engineer-directory#cid=106&sid=&certtype_php=on&certtype=PHP&firstname=&lastname=&company=&ClientCandidateID="
"Showing 1 to 10 of 106 entries","104","Ireland","http://www.zend.com/en/services/certification/zend-certified-engineer-directory#cid=104&sid=&certtype_php=on&certtype=PHP&firstname=&lastname=&company=&ClientCandidateID="
"Showing 0 to 0 of 0 entries","250","Isle of Man","http://www.zend.com/en/services/certification/zend-certified-engineer-directory#cid=250&sid=&certtype_php=on&certtype=PHP&firstname=&lastname=&company=&ClientCandidateID="
"Showing 1 to 10 of 110 entries","107","Israel","http://www.zend.com/en/services/certification/zend-certified-engineer-directory#cid=107&sid=&certtype_php=on&certtype=PHP&firstname=&lastname=&company=&ClientCandidateID="
"Showing 1 to 10 of 154 entries","108","Italy","http://www.zend.com/en/services/certification/zend-certified-engineer-directory#cid=108&sid=&certtype_php=on&certtype=PHP&firstname=&lastname=&company=&ClientCandidateID="
"Showing 1 to 2 of 2 entries","54","Ivory Coast","http://www.zend.com/en/services/certification/zend-certified-engineer-directory#cid=54&sid=&certtype_php=on&certtype=PHP&firstname=&lastname=&company=&ClientCandidateID="
"Showing 1 to 1 of 1 entries","109","Jamaica","http://www.zend.com/en/services/certification/zend-certified-engineer-directory#cid=109&sid=&certtype_php=on&certtype=PHP&firstname=&lastname=&company=&ClientCandidateID="
"Showing 1 to 10 of 136 entries","110","Japan","http://www.zend.com/en/services/certification/zend-certified-engineer-directory#cid=110&sid=&certtype_php=on&certtype=PHP&firstname=&lastname=&company=&ClientCandidateID="
"Showing 0 to 0 of 0 entries","252","Jersey","http://www.zend.com/en/services/certification/zend-certified-engineer-directory#cid=252&sid=&certtype_php=on&certtype=PHP&firstname=&lastname=&company=&ClientCandidateID="
"Showing 1 to 10 of 61 entries","111","Jordan","http://www.zend.com/en/services/certification/zend-certified-engineer-directory#cid=111&sid=&certtype_php=on&certtype=PHP&firstname=&lastname=&company=&ClientCandidateID="
"Showing 1 to 10 of 14 entries","112","Kazakstan","http://www.zend.com/en/services/certification/zend-certified-engineer-directory#cid=112&sid=&certtype_php=on&certtype=PHP&firstname=&lastname=&company=&ClientCandidateID="
"Showing 1 to 5 of 5 entries","113","Kenya","http://www.zend.com/en/services/certification/zend-certified-engineer-directory#cid=113&sid=&certtype_php=on&certtype=PHP&firstname=&lastname=&company=&ClientCandidateID="
"Showing 0 to 0 of 0 entries","114","Kiribati","http://www.zend.com/en/services/certification/zend-certified-engineer-directory#cid=114&sid=&certtype_php=on&certtype=PHP&firstname=&lastname=&company=&ClientCandidateID="
"Showing 1 to 3 of 3 entries","116","Korea","http://www.zend.com/en/services/certification/zend-certified-engineer-directory#cid=116&sid=&certtype_php=on&certtype=PHP&firstname=&lastname=&company=&ClientCandidateID="
"Showing 1 to 2 of 2 entries","115","Korea, North","http://www.zend.com/en/services/certification/zend-certified-engineer-directory#cid=115&sid=&certtype_php=on&certtype=PHP&firstname=&lastname=&company=&ClientCandidateID="
"Showing 1 to 1 of 1 entries","117","Kuwait","http://www.zend.com/en/services/certification/zend-certified-engineer-directory#cid=117&sid=&certtype_php=on&certtype=PHP&firstname=&lastname=&company=&ClientCandidateID="
"Showing 1 to 9 of 9 entries","118","Kyrgyzstan","http://www.zend.com/en/services/certification/zend-certified-engineer-directory#cid=118&sid=&certtype_php=on&certtype=PHP&firstname=&lastname=&company=&ClientCandidateID="
"Showing 0 to 0 of 0 entries","119","Lao","http://www.zend.com/en/services/certification/zend-certified-engineer-directory#cid=119&sid=&certtype_php=on&certtype=PHP&firstname=&lastname=&company=&ClientCandidateID="
"Showing 1 to 10 of 10 entries","120","Latvia","http://www.zend.com/en/services/certification/zend-certified-engineer-directory#cid=120&sid=&certtype_php=on&certtype=PHP&firstname=&lastname=&company=&ClientCandidateID="
"Showing 1 to 3 of 3 entries","121","Lebanon","http://www.zend.com/en/services/certification/zend-certified-engineer-directory#cid=121&sid=&certtype_php=on&certtype=PHP&firstname=&lastname=&company=&ClientCandidateID="
"Showing 0 to 0 of 0 entries","122","Lesotho","http://www.zend.com/en/services/certification/zend-certified-engineer-directory#cid=122&sid=&certtype_php=on&certtype=PHP&firstname=&lastname=&company=&ClientCandidateID="
"Showing 0 to 0 of 0 entries","123","Liberia","http://www.zend.com/en/services/certification/zend-certified-engineer-directory#cid=123&sid=&certtype_php=on&certtype=PHP&firstname=&lastname=&company=&ClientCandidateID="
"Showing 1 to 1 of 1 entries","127","Libya","http://www.zend.com/en/services/certification/zend-certified-engineer-directory#cid=127&sid=&certtype_php=on&certtype=PHP&firstname=&lastname=&company=&ClientCandidateID="
"Showing 0 to 0 of 0 entries","124","Liechtenstein","http://www.zend.com/en/services/certification/zend-certified-engineer-directory#cid=124&sid=&certtype_php=on&certtype=PHP&firstname=&lastname=&company=&ClientCandidateID="
"Showing 1 to 10 of 150 entries","125","Lithuania","http://www.zend.com/en/services/certification/zend-certified-engineer-directory#cid=125&sid=&certtype_php=on&certtype=PHP&firstname=&lastname=&company=&ClientCandidateID="
"Showing 1 to 10 of 25 entries","126","Luxembourg","http://www.zend.com/en/services/certification/zend-certified-engineer-directory#cid=126&sid=&certtype_php=on&certtype=PHP&firstname=&lastname=&company=&ClientCandidateID="
"Showing 1 to 1 of 1 entries","128","Macau","http://www.zend.com/en/services/certification/zend-certified-engineer-directory#cid=128&sid=&certtype_php=on&certtype=PHP&firstname=&lastname=&company=&ClientCandidateID="
"Showing 1 to 2 of 2 entries","129","Macedonia","http://www.zend.com/en/services/certification/zend-certified-engineer-directory#cid=129&sid=&certtype_php=on&certtype=PHP&firstname=&lastname=&company=&ClientCandidateID="
"Showing 0 to 0 of 0 entries","130","Madagascar","http://www.zend.com/en/services/certification/zend-certified-engineer-directory#cid=130&sid=&certtype_php=on&certtype=PHP&firstname=&lastname=&company=&ClientCandidateID="
"Showing 0 to 0 of 0 entries","131","Malawi","http://www.zend.com/en/services/certification/zend-certified-engineer-directory#cid=131&sid=&certtype_php=on&certtype=PHP&firstname=&lastname=&company=&ClientCandidateID="
"Showing 1 to 10 of 100 entries","132","Malaysia","http://www.zend.com/en/services/certification/zend-certified-engineer-directory#cid=132&sid=&certtype_php=on&certtype=PHP&firstname=&lastname=&company=&ClientCandidateID="
"Showing 1 to 1 of 1 entries","133","Maldives","http://www.zend.com/en/services/certification/zend-certified-engineer-directory#cid=133&sid=&certtype_php=on&certtype=PHP&firstname=&lastname=&company=&ClientCandidateID="
"Showing 0 to 0 of 0 entries","134","Mali","http://www.zend.com/en/services/certification/zend-certified-engineer-directory#cid=134&sid=&certtype_php=on&certtype=PHP&firstname=&lastname=&company=&ClientCandidateID="
"Showing 1 to 10 of 21 entries","135","Malta","http://www.zend.com/en/services/certification/zend-certified-engineer-directory#cid=135&sid=&certtype_php=on&certtype=PHP&firstname=&lastname=&company=&ClientCandidateID="
"Showing 0 to 0 of 0 entries","136","Marshall Islands","http://www.zend.com/en/services/certification/zend-certified-engineer-directory#cid=136&sid=&certtype_php=on&certtype=PHP&firstname=&lastname=&company=&ClientCandidateID="
"Showing 0 to 0 of 0 entries","137","Martinique","http://www.zend.com/en/services/certification/zend-certified-engineer-directory#cid=137&sid=&certtype_php=on&certtype=PHP&firstname=&lastname=&company=&ClientCandidateID="
"Showing 0 to 0 of 0 entries","138","Mauritania","http://www.zend.com/en/services/certification/zend-certified-engineer-directory#cid=138&sid=&certtype_php=on&certtype=PHP&firstname=&lastname=&company=&ClientCandidateID="
"Showing 1 to 5 of 5 entries","139","Mauritius","http://www.zend.com/en/services/certification/zend-certified-engineer-directory#cid=139&sid=&certtype_php=on&certtype=PHP&firstname=&lastname=&company=&ClientCandidateID="
"Showing 0 to 0 of 0 entries","140","Mayotte","http://www.zend.com/en/services/certification/zend-certified-engineer-directory#cid=140&sid=&certtype_php=on&certtype=PHP&firstname=&lastname=&company=&ClientCandidateID="
"Showing 1 to 10 of 74 entries","141","Mexico","http://www.zend.com/en/services/certification/zend-certified-engineer-directory#cid=141&sid=&certtype_php=on&certtype=PHP&firstname=&lastname=&company=&ClientCandidateID="
"Showing 0 to 0 of 0 entries","142","Micronesia","http://www.zend.com/en/services/certification/zend-certified-engineer-directory#cid=142&sid=&certtype_php=on&certtype=PHP&firstname=&lastname=&company=&ClientCandidateID="
"Showing 1 to 6 of 6 entries","143","Moldova","http://www.zend.com/en/services/certification/zend-certified-engineer-directory#cid=143&sid=&certtype_php=on&certtype=PHP&firstname=&lastname=&company=&ClientCandidateID="
"Showing 0 to 0 of 0 entries","144","Monaco","http://www.zend.com/en/services/certification/zend-certified-engineer-directory#cid=144&sid=&certtype_php=on&certtype=PHP&firstname=&lastname=&company=&ClientCandidateID="
"Showing 1 to 2 of 2 entries","145","Mongolia","http://www.zend.com/en/services/certification/zend-certified-engineer-directory#cid=145&sid=&certtype_php=on&certtype=PHP&firstname=&lastname=&company=&ClientCandidateID="
"Showing 1 to 1 of 1 entries","254","Montenegro","http://www.zend.com/en/services/certification/zend-certified-engineer-directory#cid=254&sid=&certtype_php=on&certtype=PHP&firstname=&lastname=&company=&ClientCandidateID="
"Showing 0 to 0 of 0 entries","146","Montserrat","http://www.zend.com/en/services/certification/zend-certified-engineer-directory#cid=146&sid=&certtype_php=on&certtype=PHP&firstname=&lastname=&company=&ClientCandidateID="
"Showing 1 to 10 of 32 entries","147","Morocco","http://www.zend.com/en/services/certification/zend-certified-engineer-directory#cid=147&sid=&certtype_php=on&certtype=PHP&firstname=&lastname=&company=&ClientCandidateID="
"Showing 0 to 0 of 0 entries","148","Mozambique","http://www.zend.com/en/services/certification/zend-certified-engineer-directory#cid=148&sid=&certtype_php=on&certtype=PHP&firstname=&lastname=&company=&ClientCandidateID="
"Showing 1 to 2 of 2 entries","149","Myanmar","http://www.zend.com/en/services/certification/zend-certified-engineer-directory#cid=149&sid=&certtype_php=on&certtype=PHP&firstname=&lastname=&company=&ClientCandidateID="
"Showing 1 to 1 of 1 entries","150","Namibia","http://www.zend.com/en/services/certification/zend-certified-engineer-directory#cid=150&sid=&certtype_php=on&certtype=PHP&firstname=&lastname=&company=&ClientCandidateID="
"Showing 0 to 0 of 0 entries","151","Nauru","http://www.zend.com/en/services/certification/zend-certified-engineer-directory#cid=151&sid=&certtype_php=on&certtype=PHP&firstname=&lastname=&company=&ClientCandidateID="
"Showing 1 to 8 of 8 entries","152","Nepal","http://www.zend.com/en/services/certification/zend-certified-engineer-directory#cid=152&sid=&certtype_php=on&certtype=PHP&firstname=&lastname=&company=&ClientCandidateID="
"Showing 1 to 10 of 848 entries","153","Netherlands","http://www.zend.com/en/services/certification/zend-certified-engineer-directory#cid=153&sid=&certtype_php=on&certtype=PHP&firstname=&lastname=&company=&ClientCandidateID="
"Showing 0 to 0 of 0 entries","154","Netherlands Antilles","http://www.zend.com/en/services/certification/zend-certified-engineer-directory#cid=154&sid=&certtype_php=on&certtype=PHP&firstname=&lastname=&company=&ClientCandidateID="
"Showing 0 to 0 of 0 entries","155","New Caledonia","http://www.zend.com/en/services/certification/zend-certified-engineer-directory#cid=155&sid=&certtype_php=on&certtype=PHP&firstname=&lastname=&company=&ClientCandidateID="
"Showing 1 to 10 of 66 entries","156","New Zealand","http://www.zend.com/en/services/certification/zend-certified-engineer-directory#cid=156&sid=&certtype_php=on&certtype=PHP&firstname=&lastname=&company=&ClientCandidateID="
"Showing 1 to 1 of 1 entries","157","Nicaragua","http://www.zend.com/en/services/certification/zend-certified-engineer-directory#cid=157&sid=&certtype_php=on&certtype=PHP&firstname=&lastname=&company=&ClientCandidateID="
"Showing 0 to 0 of 0 entries","158","Niger","http://www.zend.com/en/services/certification/zend-certified-engineer-directory#cid=158&sid=&certtype_php=on&certtype=PHP&firstname=&lastname=&company=&ClientCandidateID="
"Showing 1 to 10 of 30 entries","159","Nigeria","http://www.zend.com/en/services/certification/zend-certified-engineer-directory#cid=159&sid=&certtype_php=on&certtype=PHP&firstname=&lastname=&company=&ClientCandidateID="
"Showing 0 to 0 of 0 entries","160","Niue","http://www.zend.com/en/services/certification/zend-certified-engineer-directory#cid=160&sid=&certtype_php=on&certtype=PHP&firstname=&lastname=&company=&ClientCandidateID="
"Showing 0 to 0 of 0 entries","161","Norfolk Island","http://www.zend.com/en/services/certification/zend-certified-engineer-directory#cid=161&sid=&certtype_php=on&certtype=PHP&firstname=&lastname=&company=&ClientCandidateID="
"Showing 0 to 0 of 0 entries","163","Northern Mariana Islands","http://www.zend.com/en/services/certification/zend-certified-engineer-directory#cid=163&sid=&certtype_php=on&certtype=PHP&firstname=&lastname=&company=&ClientCandidateID="
"Showing 1 to 10 of 57 entries","164","Norway","http://www.zend.com/en/services/certification/zend-certified-engineer-directory#cid=164&sid=&certtype_php=on&certtype=PHP&firstname=&lastname=&company=&ClientCandidateID="
"Showing 1 to 1 of 1 entries","165","Oman","http://www.zend.com/en/services/certification/zend-certified-engineer-directory#cid=165&sid=&certtype_php=on&certtype=PHP&firstname=&lastname=&company=&ClientCandidateID="
"Showing 1 to 10 of 33 entries","166","Pakistan","http://www.zend.com/en/services/certification/zend-certified-engineer-directory#cid=166&sid=&certtype_php=on&certtype=PHP&firstname=&lastname=&company=&ClientCandidateID="
"Showing 0 to 0 of 0 entries","167","Palau","http://www.zend.com/en/services/certification/zend-certified-engineer-directory#cid=167&sid=&certtype_php=on&certtype=PHP&firstname=&lastname=&company=&ClientCandidateID="
