"QUANTITY","COUNTRY_CODE","COUNTRY_NAME","URL"
0,247,"Afghanistan","http://www.zend.com/en/services/certification/zend-certified-engineer-directory#cid=247&sid=&certtype_php=on&certtype=PHP&firstname=&lastname=&company=&ClientCandidateID="
0,253,"Aland Islands","http://www.zend.com/en/services/certification/zend-certified-engineer-directory#cid=253&sid=&certtype_php=on&certtype=PHP&firstname=&lastname=&company=&ClientCandidateID="
5,2,"Albania","http://www.zend.com/en/services/certification/zend-certified-engineer-directory#cid=2&sid=&certtype_php=on&certtype=PHP&firstname=&lastname=&company=&ClientCandidateID="
2,3,"Algeria","http://www.zend.com/en/services/certification/zend-certified-engineer-directory#cid=3&sid=&certtype_php=on&certtype=PHP&firstname=&lastname=&company=&ClientCandidateID="
0,4,"American Samoa","http://www.zend.com/en/services/certification/zend-certified-engineer-directory#cid=4&sid=&certtype_php=on&certtype=PHP&firstname=&lastname=&company=&ClientCandidateID="
0,5,"Andorra","http://www.zend.com/en/services/certification/zend-certified-engineer-directory#cid=5&sid=&certtype_php=on&certtype=PHP&firstname=&lastname=&company=&ClientCandidateID="
0,6,"Angola","http://www.zend.com/en/services/certification/zend-certified-engineer-directory#cid=6&sid=&certtype_php=on&certtype=PHP&firstname=&lastname=&company=&ClientCandidateID="
0,7,"Anguilla","http://www.zend.com/en/services/certification/zend-certified-engineer-directory#cid=7&sid=&certtype_php=on&certtype=PHP&firstname=&lastname=&company=&ClientCandidateID="
0,9,"Antigua And Barbuda","http://www.zend.com/en/services/certification/zend-certified-engineer-directory#cid=9&sid=&certtype_php=on&certtype=PHP&firstname=&lastname=&company=&ClientCandidateID="
21,10,"Argentina","http://www.zend.com/en/services/certification/zend-certified-engineer-directory#cid=10&sid=&certtype_php=on&certtype=PHP&firstname=&lastname=&company=&ClientCandidateID="
2,11,"Armenia","http://www.zend.com/en/services/certification/zend-certified-engineer-directory#cid=11&sid=&certtype_php=on&certtype=PHP&firstname=&lastname=&company=&ClientCandidateID="
0,12,"Aruba","http://www.zend.com/en/services/certification/zend-certified-engineer-directory#cid=12&sid=&certtype_php=on&certtype=PHP&firstname=&lastname=&company=&ClientCandidateID="
244,13,"Australia","http://www.zend.com/en/services/certification/zend-certified-engineer-directory#cid=13&sid=&certtype_php=on&certtype=PHP&firstname=&lastname=&company=&ClientCandidateID="
78,14,"Austria","http://www.zend.com/en/services/certification/zend-certified-engineer-directory#cid=14&sid=&certtype_php=on&certtype=PHP&firstname=&lastname=&company=&ClientCandidateID="
6,15,"Azerbaijan","http://www.zend.com/en/services/certification/zend-certified-engineer-directory#cid=15&sid=&certtype_php=on&certtype=PHP&firstname=&lastname=&company=&ClientCandidateID="
0,16,"Bahamas","http://www.zend.com/en/services/certification/zend-certified-engineer-directory#cid=16&sid=&certtype_php=on&certtype=PHP&firstname=&lastname=&company=&ClientCandidateID="
3,17,"Bahrain","http://www.zend.com/en/services/certification/zend-certified-engineer-directory#cid=17&sid=&certtype_php=on&certtype=PHP&firstname=&lastname=&company=&ClientCandidateID="
87,18,"Bangladesh","http://www.zend.com/en/services/certification/zend-certified-engineer-directory#cid=18&sid=&certtype_php=on&certtype=PHP&firstname=&lastname=&company=&ClientCandidateID="
1,19,"Barbados","http://www.zend.com/en/services/certification/zend-certified-engineer-directory#cid=19&sid=&certtype_php=on&certtype=PHP&firstname=&lastname=&company=&ClientCandidateID="
83,20,"Belarus","http://www.zend.com/en/services/certification/zend-certified-engineer-directory#cid=20&sid=&certtype_php=on&certtype=PHP&firstname=&lastname=&company=&ClientCandidateID="
191,21,"Belgium","http://www.zend.com/en/services/certification/zend-certified-engineer-directory#cid=21&sid=&certtype_php=on&certtype=PHP&firstname=&lastname=&company=&ClientCandidateID="
1,22,"Belize","http://www.zend.com/en/services/certification/zend-certified-engineer-directory#cid=22&sid=&certtype_php=on&certtype=PHP&firstname=&lastname=&company=&ClientCandidateID="
1,23,"Benin","http://www.zend.com/en/services/certification/zend-certified-engineer-directory#cid=23&sid=&certtype_php=on&certtype=PHP&firstname=&lastname=&company=&ClientCandidateID="
1,24,"Bermuda","http://www.zend.com/en/services/certification/zend-certified-engineer-directory#cid=24&sid=&certtype_php=on&certtype=PHP&firstname=&lastname=&company=&ClientCandidateID="
0,25,"Bhutan","http://www.zend.com/en/services/certification/zend-certified-engineer-directory#cid=25&sid=&certtype_php=on&certtype=PHP&firstname=&lastname=&company=&ClientCandidateID="
3,26,"Bolivia","http://www.zend.com/en/services/certification/zend-certified-engineer-directory#cid=26&sid=&certtype_php=on&certtype=PHP&firstname=&lastname=&company=&ClientCandidateID="
6,27,"Bosnia and Herzegovina","http://www.zend.com/en/services/certification/zend-certified-engineer-directory#cid=27&sid=&certtype_php=on&certtype=PHP&firstname=&lastname=&company=&ClientCandidateID="
4,28,"Botswana","http://www.zend.com/en/services/certification/zend-certified-engineer-directory#cid=28&sid=&certtype_php=on&certtype=PHP&firstname=&lastname=&company=&ClientCandidateID="
0,29,"Bouvet Island","http://www.zend.com/en/services/certification/zend-certified-engineer-directory#cid=29&sid=&certtype_php=on&certtype=PHP&firstname=&lastname=&company=&ClientCandidateID="
403,30,"Brazil","http://www.zend.com/en/services/certification/zend-certified-engineer-directory#cid=30&sid=&certtype_php=on&certtype=PHP&firstname=&lastname=&company=&ClientCandidateID="
0,31,"British Indean Ocean Territory","http://www.zend.com/en/services/certification/zend-certified-engineer-directory#cid=31&sid=&certtype_php=on&certtype=PHP&firstname=&lastname=&company=&ClientCandidateID="
0,32,"Brunei","http://www.zend.com/en/services/certification/zend-certified-engineer-directory#cid=32&sid=&certtype_php=on&certtype=PHP&firstname=&lastname=&company=&ClientCandidateID="
65,33,"Bulgaria","http://www.zend.com/en/services/certification/zend-certified-engineer-directory#cid=33&sid=&certtype_php=on&certtype=PHP&firstname=&lastname=&company=&ClientCandidateID="
0,34,"Burkina Faso","http://www.zend.com/en/services/certification/zend-certified-engineer-directory#cid=34&sid=&certtype_php=on&certtype=PHP&firstname=&lastname=&company=&ClientCandidateID="
0,36,"Burundi","http://www.zend.com/en/services/certification/zend-certified-engineer-directory#cid=36&sid=&certtype_php=on&certtype=PHP&firstname=&lastname=&company=&ClientCandidateID="
0,37,"Cambodia","http://www.zend.com/en/services/certification/zend-certified-engineer-directory#cid=37&sid=&certtype_php=on&certtype=PHP&firstname=&lastname=&company=&ClientCandidateID="
4,38,"Cameroon","http://www.zend.com/en/services/certification/zend-certified-engineer-directory#cid=38&sid=&certtype_php=on&certtype=PHP&firstname=&lastname=&company=&ClientCandidateID="
385,39,"Canada","http://www.zend.com/en/services/certification/zend-certified-engineer-directory#cid=39&sid=&certtype_php=on&certtype=PHP&firstname=&lastname=&company=&ClientCandidateID="
0,40,"Cape Verde","http://www.zend.com/en/services/certification/zend-certified-engineer-directory#cid=40&sid=&certtype_php=on&certtype=PHP&firstname=&lastname=&company=&ClientCandidateID="
0,41,"Cayman Islands","http://www.zend.com/en/services/certification/zend-certified-engineer-directory#cid=41&sid=&certtype_php=on&certtype=PHP&firstname=&lastname=&company=&ClientCandidateID="
0,42,"Central African Republic","http://www.zend.com/en/services/certification/zend-certified-engineer-directory#cid=42&sid=&certtype_php=on&certtype=PHP&firstname=&lastname=&company=&ClientCandidateID="
0,43,"Chad","http://www.zend.com/en/services/certification/zend-certified-engineer-directory#cid=43&sid=&certtype_php=on&certtype=PHP&firstname=&lastname=&company=&ClientCandidateID="
9,44,"Chile","http://www.zend.com/en/services/certification/zend-certified-engineer-directory#cid=44&sid=&certtype_php=on&certtype=PHP&firstname=&lastname=&company=&ClientCandidateID="
91,45,"China","http://www.zend.com/en/services/certification/zend-certified-engineer-directory#cid=45&sid=&certtype_php=on&certtype=PHP&firstname=&lastname=&company=&ClientCandidateID="
0,46,"Christmas Island","http://www.zend.com/en/services/certification/zend-certified-engineer-directory#cid=46&sid=&certtype_php=on&certtype=PHP&firstname=&lastname=&company=&ClientCandidateID="
0,47,"Cocos (Keeling) Islands","http://www.zend.com/en/services/certification/zend-certified-engineer-directory#cid=47&sid=&certtype_php=on&certtype=PHP&firstname=&lastname=&company=&ClientCandidateID="
34,48,"Colombia","http://www.zend.com/en/services/certification/zend-certified-engineer-directory#cid=48&sid=&certtype_php=on&certtype=PHP&firstname=&lastname=&company=&ClientCandidateID="
0,49,"Comoros","http://www.zend.com/en/services/certification/zend-certified-engineer-directory#cid=49&sid=&certtype_php=on&certtype=PHP&firstname=&lastname=&company=&ClientCandidateID="
1,51,"Congo",
0,50,"Congo","http://www.zend.com/en/services/certification/zend-certified-engineer-directory#cid=50&sid=&certtype_php=on&certtype=PHP&firstname=&lastname=&company=&ClientCandidateID="
0,52,"Cook Islands","http://www.zend.com/en/services/certification/zend-certified-engineer-directory#cid=52&sid=&certtype_php=on&certtype=PHP&firstname=&lastname=&company=&ClientCandidateID="
10,53,"Costa Rica","http://www.zend.com/en/services/certification/zend-certified-engineer-directory#cid=53&sid=&certtype_php=on&certtype=PHP&firstname=&lastname=&company=&ClientCandidateID="
19,55,"Croatia","http://www.zend.com/en/services/certification/zend-certified-engineer-directory#cid=55&sid=&certtype_php=on&certtype=PHP&firstname=&lastname=&company=&ClientCandidateID="
0,246,"Cuba","http://www.zend.com/en/services/certification/zend-certified-engineer-directory#cid=246&sid=&certtype_php=on&certtype=PHP&firstname=&lastname=&company=&ClientCandidateID="
2,56,"Cyprus","http://www.zend.com/en/services/certification/zend-certified-engineer-directory#cid=56&sid=&certtype_php=on&certtype=PHP&firstname=&lastname=&company=&ClientCandidateID="
77,57,"Czech Republic","http://www.zend.com/en/services/certification/zend-certified-engineer-directory#cid=57&sid=&certtype_php=on&certtype=PHP&firstname=&lastname=&company=&ClientCandidateID="
44,58,"Denmark","http://www.zend.com/en/services/certification/zend-certified-engineer-directory#cid=58&sid=&certtype_php=on&certtype=PHP&firstname=&lastname=&company=&ClientCandidateID="
0,59,"Djibouti","http://www.zend.com/en/services/certification/zend-certified-engineer-directory#cid=59&sid=&certtype_php=on&certtype=PHP&firstname=&lastname=&company=&ClientCandidateID="
0,60,"Dominica","http://www.zend.com/en/services/certification/zend-certified-engineer-directory#cid=60&sid=&certtype_php=on&certtype=PHP&firstname=&lastname=&company=&ClientCandidateID="
8,61,"Dominican Republic","http://www.zend.com/en/services/certification/zend-certified-engineer-directory#cid=61&sid=&certtype_php=on&certtype=PHP&firstname=&lastname=&company=&ClientCandidateID="
4,62,"East Timor","http://www.zend.com/en/services/certification/zend-certified-engineer-directory#cid=62&sid=&certtype_php=on&certtype=PHP&firstname=&lastname=&company=&ClientCandidateID="
51,63,"Ecuador","http://www.zend.com/en/services/certification/zend-certified-engineer-directory#cid=63&sid=&certtype_php=on&certtype=PHP&firstname=&lastname=&company=&ClientCandidateID="
14,64,"Egypt","http://www.zend.com/en/services/certification/zend-certified-engineer-directory#cid=64&sid=&certtype_php=on&certtype=PHP&firstname=&lastname=&company=&ClientCandidateID="
0,65,"El Salvador","http://www.zend.com/en/services/certification/zend-certified-engineer-directory#cid=65&sid=&certtype_php=on&certtype=PHP&firstname=&lastname=&company=&ClientCandidateID="
0,67,"Equatorial Guinea","http://www.zend.com/en/services/certification/zend-certified-engineer-directory#cid=67&sid=&certtype_php=on&certtype=PHP&firstname=&lastname=&company=&ClientCandidateID="
0,68,"Eritrea","http://www.zend.com/en/services/certification/zend-certified-engineer-directory#cid=68&sid=&certtype_php=on&certtype=PHP&firstname=&lastname=&company=&ClientCandidateID="
29,70,"Estonia","http://www.zend.com/en/services/certification/zend-certified-engineer-directory#cid=70&sid=&certtype_php=on&certtype=PHP&firstname=&lastname=&company=&ClientCandidateID="
1,71,"Ethiopia","http://www.zend.com/en/services/certification/zend-certified-engineer-directory#cid=71&sid=&certtype_php=on&certtype=PHP&firstname=&lastname=&company=&ClientCandidateID="
0,72,"Falkland Islands","http://www.zend.com/en/services/certification/zend-certified-engineer-directory#cid=72&sid=&certtype_php=on&certtype=PHP&firstname=&lastname=&company=&ClientCandidateID="
0,73,"Faroe Islands","http://www.zend.com/en/services/certification/zend-certified-engineer-directory#cid=73&sid=&certtype_php=on&certtype=PHP&firstname=&lastname=&company=&ClientCandidateID="
1,74,"Fiji","http://www.zend.com/en/services/certification/zend-certified-engineer-directory#cid=74&sid=&certtype_php=on&certtype=PHP&firstname=&lastname=&company=&ClientCandidateID="
52,75,"Finland","http://www.zend.com/en/services/certification/zend-certified-engineer-directory#cid=75&sid=&certtype_php=on&certtype=PHP&firstname=&lastname=&company=&ClientCandidateID="
619,76,"France","http://www.zend.com/en/services/certification/zend-certified-engineer-directory#cid=76&sid=&certtype_php=on&certtype=PHP&firstname=&lastname=&company=&ClientCandidateID="
0,77,"French Guiana","http://www.zend.com/en/services/certification/zend-certified-engineer-directory#cid=77&sid=&certtype_php=on&certtype=PHP&firstname=&lastname=&company=&ClientCandidateID="
0,78,"French Polynesia","http://www.zend.com/en/services/certification/zend-certified-engineer-directory#cid=78&sid=&certtype_php=on&certtype=PHP&firstname=&lastname=&company=&ClientCandidateID="
0,79,"French Southern Territories","http://www.zend.com/en/services/certification/zend-certified-engineer-directory#cid=79&sid=&certtype_php=on&certtype=PHP&firstname=&lastname=&company=&ClientCandidateID="
0,80,"Gabon","http://www.zend.com/en/services/certification/zend-certified-engineer-directory#cid=80&sid=&certtype_php=on&certtype=PHP&firstname=&lastname=&company=&ClientCandidateID="
0,81,"Gambia","http://www.zend.com/en/services/certification/zend-certified-engineer-directory#cid=81&sid=&certtype_php=on&certtype=PHP&firstname=&lastname=&company=&ClientCandidateID="
3,82,"Georgia","http://www.zend.com/en/services/certification/zend-certified-engineer-directory#cid=82&sid=&certtype_php=on&certtype=PHP&firstname=&lastname=&company=&ClientCandidateID="
1239,83,"Germany","http://www.zend.com/en/services/certification/zend-certified-engineer-directory#cid=83&sid=&certtype_php=on&certtype=PHP&firstname=&lastname=&company=&ClientCandidateID="
2,84,"Ghana","http://www.zend.com/en/services/certification/zend-certified-engineer-directory#cid=84&sid=&certtype_php=on&certtype=PHP&firstname=&lastname=&company=&ClientCandidateID="
0,85,"Gibraltar","http://www.zend.com/en/services/certification/zend-certified-engineer-directory#cid=85&sid=&certtype_php=on&certtype=PHP&firstname=&lastname=&company=&ClientCandidateID="
9,87,"Greece","http://www.zend.com/en/services/certification/zend-certified-engineer-directory#cid=87&sid=&certtype_php=on&certtype=PHP&firstname=&lastname=&company=&ClientCandidateID="
0,88,"Greenland","http://www.zend.com/en/services/certification/zend-certified-engineer-directory#cid=88&sid=&certtype_php=on&certtype=PHP&firstname=&lastname=&company=&ClientCandidateID="
0,89,"Grenada","http://www.zend.com/en/services/certification/zend-certified-engineer-directory#cid=89&sid=&certtype_php=on&certtype=PHP&firstname=&lastname=&company=&ClientCandidateID="
0,90,"Guadeloupe","http://www.zend.com/en/services/certification/zend-certified-engineer-directory#cid=90&sid=&certtype_php=on&certtype=PHP&firstname=&lastname=&company=&ClientCandidateID="
0,91,"Guam","http://www.zend.com/en/services/certification/zend-certified-engineer-directory#cid=91&sid=&certtype_php=on&certtype=PHP&firstname=&lastname=&company=&ClientCandidateID="
3,92,"Guatemala","http://www.zend.com/en/services/certification/zend-certified-engineer-directory#cid=92&sid=&certtype_php=on&certtype=PHP&firstname=&lastname=&company=&ClientCandidateID="
0,251,"Guernsey","http://www.zend.com/en/services/certification/zend-certified-engineer-directory#cid=251&sid=&certtype_php=on&certtype=PHP&firstname=&lastname=&company=&ClientCandidateID="
0,93,"Guinea","http://www.zend.com/en/services/certification/zend-certified-engineer-directory#cid=93&sid=&certtype_php=on&certtype=PHP&firstname=&lastname=&company=&ClientCandidateID="
0,94,"Guinea-Bissau","http://www.zend.com/en/services/certification/zend-certified-engineer-directory#cid=94&sid=&certtype_php=on&certtype=PHP&firstname=&lastname=&company=&ClientCandidateID="
0,95,"Guyana","http://www.zend.com/en/services/certification/zend-certified-engineer-directory#cid=95&sid=&certtype_php=on&certtype=PHP&firstname=&lastname=&company=&ClientCandidateID="
0,96,"Haiti","http://www.zend.com/en/services/certification/zend-certified-engineer-directory#cid=96&sid=&certtype_php=on&certtype=PHP&firstname=&lastname=&company=&ClientCandidateID="
0,97,"Heard And Mcdonald Islands","http://www.zend.com/en/services/certification/zend-certified-engineer-directory#cid=97&sid=&certtype_php=on&certtype=PHP&firstname=&lastname=&company=&ClientCandidateID="
0,98,"Honduras","http://www.zend.com/en/services/certification/zend-certified-engineer-directory#cid=98&sid=&certtype_php=on&certtype=PHP&firstname=&lastname=&company=&ClientCandidateID="
33,99,"Hong Kong","http://www.zend.com/en/services/certification/zend-certified-engineer-directory#cid=99&sid=&certtype_php=on&certtype=PHP&firstname=&lastname=&company=&ClientCandidateID="
50,100,"Hungary","http://www.zend.com/en/services/certification/zend-certified-engineer-directory#cid=100&sid=&certtype_php=on&certtype=PHP&firstname=&lastname=&company=&ClientCandidateID="
1,101,"Iceland","http://www.zend.com/en/services/certification/zend-certified-engineer-directory#cid=101&sid=&certtype_php=on&certtype=PHP&firstname=&lastname=&company=&ClientCandidateID="
730,102,"India","http://www.zend.com/en/services/certification/zend-certified-engineer-directory#cid=102&sid=&certtype_php=on&certtype=PHP&firstname=&lastname=&company=&ClientCandidateID="
13,103,"Indonesia","http://www.zend.com/en/services/certification/zend-certified-engineer-directory#cid=103&sid=&certtype_php=on&certtype=PHP&firstname=&lastname=&company=&ClientCandidateID="
4,105,"Iran","http://www.zend.com/en/services/certification/zend-certified-engineer-directory#cid=105&sid=&certtype_php=on&certtype=PHP&firstname=&lastname=&company=&ClientCandidateID="
10,106,"Iraq","http://www.zend.com/en/services/certification/zend-certified-engineer-directory#cid=106&sid=&certtype_php=on&certtype=PHP&firstname=&lastname=&company=&ClientCandidateID="
106,104,"Ireland","http://www.zend.com/en/services/certification/zend-certified-engineer-directory#cid=104&sid=&certtype_php=on&certtype=PHP&firstname=&lastname=&company=&ClientCandidateID="
0,250,"Isle of Man","http://www.zend.com/en/services/certification/zend-certified-engineer-directory#cid=250&sid=&certtype_php=on&certtype=PHP&firstname=&lastname=&company=&ClientCandidateID="
110,107,"Israel","http://www.zend.com/en/services/certification/zend-certified-engineer-directory#cid=107&sid=&certtype_php=on&certtype=PHP&firstname=&lastname=&company=&ClientCandidateID="
154,108,"Italy","http://www.zend.com/en/services/certification/zend-certified-engineer-directory#cid=108&sid=&certtype_php=on&certtype=PHP&firstname=&lastname=&company=&ClientCandidateID="
2,54,"Ivory Coast","http://www.zend.com/en/services/certification/zend-certified-engineer-directory#cid=54&sid=&certtype_php=on&certtype=PHP&firstname=&lastname=&company=&ClientCandidateID="
1,109,"Jamaica","http://www.zend.com/en/services/certification/zend-certified-engineer-directory#cid=109&sid=&certtype_php=on&certtype=PHP&firstname=&lastname=&company=&ClientCandidateID="
136,110,"Japan","http://www.zend.com/en/services/certification/zend-certified-engineer-directory#cid=110&sid=&certtype_php=on&certtype=PHP&firstname=&lastname=&company=&ClientCandidateID="
0,252,"Jersey","http://www.zend.com/en/services/certification/zend-certified-engineer-directory#cid=252&sid=&certtype_php=on&certtype=PHP&firstname=&lastname=&company=&ClientCandidateID="
61,111,"Jordan","http://www.zend.com/en/services/certification/zend-certified-engineer-directory#cid=111&sid=&certtype_php=on&certtype=PHP&firstname=&lastname=&company=&ClientCandidateID="
14,112,"Kazakstan","http://www.zend.com/en/services/certification/zend-certified-engineer-directory#cid=112&sid=&certtype_php=on&certtype=PHP&firstname=&lastname=&company=&ClientCandidateID="
5,113,"Kenya","http://www.zend.com/en/services/certification/zend-certified-engineer-directory#cid=113&sid=&certtype_php=on&certtype=PHP&firstname=&lastname=&company=&ClientCandidateID="
0,114,"Kiribati","http://www.zend.com/en/services/certification/zend-certified-engineer-directory#cid=114&sid=&certtype_php=on&certtype=PHP&firstname=&lastname=&company=&ClientCandidateID="
3,116,"Korea","http://www.zend.com/en/services/certification/zend-certified-engineer-directory#cid=116&sid=&certtype_php=on&certtype=PHP&firstname=&lastname=&company=&ClientCandidateID="
2,115,"Korea",
1,117,"Kuwait","http://www.zend.com/en/services/certification/zend-certified-engineer-directory#cid=117&sid=&certtype_php=on&certtype=PHP&firstname=&lastname=&company=&ClientCandidateID="
9,118,"Kyrgyzstan","http://www.zend.com/en/services/certification/zend-certified-engineer-directory#cid=118&sid=&certtype_php=on&certtype=PHP&firstname=&lastname=&company=&ClientCandidateID="
0,119,"Lao","http://www.zend.com/en/services/certification/zend-certified-engineer-directory#cid=119&sid=&certtype_php=on&certtype=PHP&firstname=&lastname=&company=&ClientCandidateID="
10,120,"Latvia","http://www.zend.com/en/services/certification/zend-certified-engineer-directory#cid=120&sid=&certtype_php=on&certtype=PHP&firstname=&lastname=&company=&ClientCandidateID="
3,121,"Lebanon","http://www.zend.com/en/services/certification/zend-certified-engineer-directory#cid=121&sid=&certtype_php=on&certtype=PHP&firstname=&lastname=&company=&ClientCandidateID="
0,122,"Lesotho","http://www.zend.com/en/services/certification/zend-certified-engineer-directory#cid=122&sid=&certtype_php=on&certtype=PHP&firstname=&lastname=&company=&ClientCandidateID="
0,123,"Liberia","http://www.zend.com/en/services/certification/zend-certified-engineer-directory#cid=123&sid=&certtype_php=on&certtype=PHP&firstname=&lastname=&company=&ClientCandidateID="
1,127,"Libya","http://www.zend.com/en/services/certification/zend-certified-engineer-directory#cid=127&sid=&certtype_php=on&certtype=PHP&firstname=&lastname=&company=&ClientCandidateID="
0,124,"Liechtenstein","http://www.zend.com/en/services/certification/zend-certified-engineer-directory#cid=124&sid=&certtype_php=on&certtype=PHP&firstname=&lastname=&company=&ClientCandidateID="
150,125,"Lithuania","http://www.zend.com/en/services/certification/zend-certified-engineer-directory#cid=125&sid=&certtype_php=on&certtype=PHP&firstname=&lastname=&company=&ClientCandidateID="
25,126,"Luxembourg","http://www.zend.com/en/services/certification/zend-certified-engineer-directory#cid=126&sid=&certtype_php=on&certtype=PHP&firstname=&lastname=&company=&ClientCandidateID="
1,128,"Macau","http://www.zend.com/en/services/certification/zend-certified-engineer-directory#cid=128&sid=&certtype_php=on&certtype=PHP&firstname=&lastname=&company=&ClientCandidateID="
2,129,"Macedonia","http://www.zend.com/en/services/certification/zend-certified-engineer-directory#cid=129&sid=&certtype_php=on&certtype=PHP&firstname=&lastname=&company=&ClientCandidateID="
0,130,"Madagascar","http://www.zend.com/en/services/certification/zend-certified-engineer-directory#cid=130&sid=&certtype_php=on&certtype=PHP&firstname=&lastname=&company=&ClientCandidateID="
0,131,"Malawi","http://www.zend.com/en/services/certification/zend-certified-engineer-directory#cid=131&sid=&certtype_php=on&certtype=PHP&firstname=&lastname=&company=&ClientCandidateID="
100,132,"Malaysia","http://www.zend.com/en/services/certification/zend-certified-engineer-directory#cid=132&sid=&certtype_php=on&certtype=PHP&firstname=&lastname=&company=&ClientCandidateID="
1,133,"Maldives","http://www.zend.com/en/services/certification/zend-certified-engineer-directory#cid=133&sid=&certtype_php=on&certtype=PHP&firstname=&lastname=&company=&ClientCandidateID="
0,134,"Mali","http://www.zend.com/en/services/certification/zend-certified-engineer-directory#cid=134&sid=&certtype_php=on&certtype=PHP&firstname=&lastname=&company=&ClientCandidateID="
21,135,"Malta","http://www.zend.com/en/services/certification/zend-certified-engineer-directory#cid=135&sid=&certtype_php=on&certtype=PHP&firstname=&lastname=&company=&ClientCandidateID="
0,136,"Marshall Islands","http://www.zend.com/en/services/certification/zend-certified-engineer-directory#cid=136&sid=&certtype_php=on&certtype=PHP&firstname=&lastname=&company=&ClientCandidateID="
0,137,"Martinique","http://www.zend.com/en/services/certification/zend-certified-engineer-directory#cid=137&sid=&certtype_php=on&certtype=PHP&firstname=&lastname=&company=&ClientCandidateID="
0,138,"Mauritania","http://www.zend.com/en/services/certification/zend-certified-engineer-directory#cid=138&sid=&certtype_php=on&certtype=PHP&firstname=&lastname=&company=&ClientCandidateID="
5,139,"Mauritius","http://www.zend.com/en/services/certification/zend-certified-engineer-directory#cid=139&sid=&certtype_php=on&certtype=PHP&firstname=&lastname=&company=&ClientCandidateID="
0,140,"Mayotte","http://www.zend.com/en/services/certification/zend-certified-engineer-directory#cid=140&sid=&certtype_php=on&certtype=PHP&firstname=&lastname=&company=&ClientCandidateID="
74,141,"Mexico","http://www.zend.com/en/services/certification/zend-certified-engineer-directory#cid=141&sid=&certtype_php=on&certtype=PHP&firstname=&lastname=&company=&ClientCandidateID="
0,142,"Micronesia","http://www.zend.com/en/services/certification/zend-certified-engineer-directory#cid=142&sid=&certtype_php=on&certtype=PHP&firstname=&lastname=&company=&ClientCandidateID="
6,143,"Moldova","http://www.zend.com/en/services/certification/zend-certified-engineer-directory#cid=143&sid=&certtype_php=on&certtype=PHP&firstname=&lastname=&company=&ClientCandidateID="
0,144,"Monaco","http://www.zend.com/en/services/certification/zend-certified-engineer-directory#cid=144&sid=&certtype_php=on&certtype=PHP&firstname=&lastname=&company=&ClientCandidateID="
2,145,"Mongolia","http://www.zend.com/en/services/certification/zend-certified-engineer-directory#cid=145&sid=&certtype_php=on&certtype=PHP&firstname=&lastname=&company=&ClientCandidateID="
1,254,"Montenegro","http://www.zend.com/en/services/certification/zend-certified-engineer-directory#cid=254&sid=&certtype_php=on&certtype=PHP&firstname=&lastname=&company=&ClientCandidateID="
0,146,"Montserrat","http://www.zend.com/en/services/certification/zend-certified-engineer-directory#cid=146&sid=&certtype_php=on&certtype=PHP&firstname=&lastname=&company=&ClientCandidateID="
32,147,"Morocco","http://www.zend.com/en/services/certification/zend-certified-engineer-directory#cid=147&sid=&certtype_php=on&certtype=PHP&firstname=&lastname=&company=&ClientCandidateID="
0,148,"Mozambique","http://www.zend.com/en/services/certification/zend-certified-engineer-directory#cid=148&sid=&certtype_php=on&certtype=PHP&firstname=&lastname=&company=&ClientCandidateID="
2,149,"Myanmar","http://www.zend.com/en/services/certification/zend-certified-engineer-directory#cid=149&sid=&certtype_php=on&certtype=PHP&firstname=&lastname=&company=&ClientCandidateID="
1,150,"Namibia","http://www.zend.com/en/services/certification/zend-certified-engineer-directory#cid=150&sid=&certtype_php=on&certtype=PHP&firstname=&lastname=&company=&ClientCandidateID="
0,151,"Nauru","http://www.zend.com/en/services/certification/zend-certified-engineer-directory#cid=151&sid=&certtype_php=on&certtype=PHP&firstname=&lastname=&company=&ClientCandidateID="
8,152,"Nepal","http://www.zend.com/en/services/certification/zend-certified-engineer-directory#cid=152&sid=&certtype_php=on&certtype=PHP&firstname=&lastname=&company=&ClientCandidateID="
848,153,"Netherlands","http://www.zend.com/en/services/certification/zend-certified-engineer-directory#cid=153&sid=&certtype_php=on&certtype=PHP&firstname=&lastname=&company=&ClientCandidateID="
0,154,"Netherlands Antilles","http://www.zend.com/en/services/certification/zend-certified-engineer-directory#cid=154&sid=&certtype_php=on&certtype=PHP&firstname=&lastname=&company=&ClientCandidateID="
0,155,"New Caledonia","http://www.zend.com/en/services/certification/zend-certified-engineer-directory#cid=155&sid=&certtype_php=on&certtype=PHP&firstname=&lastname=&company=&ClientCandidateID="
66,156,"New Zealand","http://www.zend.com/en/services/certification/zend-certified-engineer-directory#cid=156&sid=&certtype_php=on&certtype=PHP&firstname=&lastname=&company=&ClientCandidateID="
1,157,"Nicaragua","http://www.zend.com/en/services/certification/zend-certified-engineer-directory#cid=157&sid=&certtype_php=on&certtype=PHP&firstname=&lastname=&company=&ClientCandidateID="
0,158,"Niger","http://www.zend.com/en/services/certification/zend-certified-engineer-directory#cid=158&sid=&certtype_php=on&certtype=PHP&firstname=&lastname=&company=&ClientCandidateID="
30,159,"Nigeria","http://www.zend.com/en/services/certification/zend-certified-engineer-directory#cid=159&sid=&certtype_php=on&certtype=PHP&firstname=&lastname=&company=&ClientCandidateID="
0,160,"Niue","http://www.zend.com/en/services/certification/zend-certified-engineer-directory#cid=160&sid=&certtype_php=on&certtype=PHP&firstname=&lastname=&company=&ClientCandidateID="
0,161,"Norfolk Island","http://www.zend.com/en/services/certification/zend-certified-engineer-directory#cid=161&sid=&certtype_php=on&certtype=PHP&firstname=&lastname=&company=&ClientCandidateID="
0,163,"Northern Mariana Islands","http://www.zend.com/en/services/certification/zend-certified-engineer-directory#cid=163&sid=&certtype_php=on&certtype=PHP&firstname=&lastname=&company=&ClientCandidateID="
57,164,"Norway","http://www.zend.com/en/services/certification/zend-certified-engineer-directory#cid=164&sid=&certtype_php=on&certtype=PHP&firstname=&lastname=&company=&ClientCandidateID="
1,165,"Oman","http://www.zend.com/en/services/certification/zend-certified-engineer-directory#cid=165&sid=&certtype_php=on&certtype=PHP&firstname=&lastname=&company=&ClientCandidateID="
33,166,"Pakistan","http://www.zend.com/en/services/certification/zend-certified-engineer-directory#cid=166&sid=&certtype_php=on&certtype=PHP&firstname=&lastname=&company=&ClientCandidateID="
0,167,"Palau","http://www.zend.com/en/services/certification/zend-certified-engineer-directory#cid=167&sid=&certtype_php=on&certtype=PHP&firstname=&lastname=&company=&ClientCandidateID="
3,248,"Palestinian Territory","http://www.zend.com/en/services/certification/zend-certified-engineer-directory#cid=248&sid=&certtype_php=on&certtype=PHP&firstname=&lastname=&company=&ClientCandidateID="
1,168,"Panama","http://www.zend.com/en/services/certification/zend-certified-engineer-directory#cid=168&sid=&certtype_php=on&certtype=PHP&firstname=&lastname=&company=&ClientCandidateID="
0,169,"Papua New Guinea","http://www.zend.com/en/services/certification/zend-certified-engineer-directory#cid=169&sid=&certtype_php=on&certtype=PHP&firstname=&lastname=&company=&ClientCandidateID="
1,170,"Paraguay","http://www.zend.com/en/services/certification/zend-certified-engineer-directory#cid=170&sid=&certtype_php=on&certtype=PHP&firstname=&lastname=&company=&ClientCandidateID="
12,171,"Peru","http://www.zend.com/en/services/certification/zend-certified-engineer-directory#cid=171&sid=&certtype_php=on&certtype=PHP&firstname=&lastname=&company=&ClientCandidateID="
52,172,"Philippines","http://www.zend.com/en/services/certification/zend-certified-engineer-directory#cid=172&sid=&certtype_php=on&certtype=PHP&firstname=&lastname=&company=&ClientCandidateID="
0,173,"Pitcairn","http://www.zend.com/en/services/certification/zend-certified-engineer-directory#cid=173&sid=&certtype_php=on&certtype=PHP&firstname=&lastname=&company=&ClientCandidateID="
450,174,"Poland","http://www.zend.com/en/services/certification/zend-certified-engineer-directory#cid=174&sid=&certtype_php=on&certtype=PHP&firstname=&lastname=&company=&ClientCandidateID="
41,175,"Portugal","http://www.zend.com/en/services/certification/zend-certified-engineer-directory#cid=175&sid=&certtype_php=on&certtype=PHP&firstname=&lastname=&company=&ClientCandidateID="
0,176,"Puerto Rico","http://www.zend.com/en/services/certification/zend-certified-engineer-directory#cid=176&sid=&certtype_php=on&certtype=PHP&firstname=&lastname=&company=&ClientCandidateID="
2,177,"Qatar","http://www.zend.com/en/services/certification/zend-certified-engineer-directory#cid=177&sid=&certtype_php=on&certtype=PHP&firstname=&lastname=&company=&ClientCandidateID="
0,178,"Reunion","http://www.zend.com/en/services/certification/zend-certified-engineer-directory#cid=178&sid=&certtype_php=on&certtype=PHP&firstname=&lastname=&company=&ClientCandidateID="
242,179,"Romania","http://www.zend.com/en/services/certification/zend-certified-engineer-directory#cid=179&sid=&certtype_php=on&certtype=PHP&firstname=&lastname=&company=&ClientCandidateID="
339,181,"Russian Federation","http://www.zend.com/en/services/certification/zend-certified-engineer-directory#cid=181&sid=&certtype_php=on&certtype=PHP&firstname=&lastname=&company=&ClientCandidateID="
1,182,"Rwanda","http://www.zend.com/en/services/certification/zend-certified-engineer-directory#cid=182&sid=&certtype_php=on&certtype=PHP&firstname=&lastname=&company=&ClientCandidateID="
0,204,"Saint Helena","http://www.zend.com/en/services/certification/zend-certified-engineer-directory#cid=204&sid=&certtype_php=on&certtype=PHP&firstname=&lastname=&company=&ClientCandidateID="
0,183,"Saint Kitts And Nevis","http://www.zend.com/en/services/certification/zend-certified-engineer-directory#cid=183&sid=&certtype_php=on&certtype=PHP&firstname=&lastname=&company=&ClientCandidateID="
0,184,"Saint Lucia","http://www.zend.com/en/services/certification/zend-certified-engineer-directory#cid=184&sid=&certtype_php=on&certtype=PHP&firstname=&lastname=&company=&ClientCandidateID="
0,205,"Saint Pierre And Miquelon","http://www.zend.com/en/services/certification/zend-certified-engineer-directory#cid=205&sid=&certtype_php=on&certtype=PHP&firstname=&lastname=&company=&ClientCandidateID="
0,185,"Saint Vincent And Grenadines","http://www.zend.com/en/services/certification/zend-certified-engineer-directory#cid=185&sid=&certtype_php=on&certtype=PHP&firstname=&lastname=&company=&ClientCandidateID="
0,186,"Samoa","http://www.zend.com/en/services/certification/zend-certified-engineer-directory#cid=186&sid=&certtype_php=on&certtype=PHP&firstname=&lastname=&company=&ClientCandidateID="
0,187,"San Marino","http://www.zend.com/en/services/certification/zend-certified-engineer-directory#cid=187&sid=&certtype_php=on&certtype=PHP&firstname=&lastname=&company=&ClientCandidateID="
0,188,"Sao Tome And Principe","http://www.zend.com/en/services/certification/zend-certified-engineer-directory#cid=188&sid=&certtype_php=on&certtype=PHP&firstname=&lastname=&company=&ClientCandidateID="
29,189,"Saudi Arabia","http://www.zend.com/en/services/certification/zend-certified-engineer-directory#cid=189&sid=&certtype_php=on&certtype=PHP&firstname=&lastname=&company=&ClientCandidateID="
0,191,"Senegal","http://www.zend.com/en/services/certification/zend-certified-engineer-directory#cid=191&sid=&certtype_php=on&certtype=PHP&firstname=&lastname=&company=&ClientCandidateID="
21,242,"Serbia","http://www.zend.com/en/services/certification/zend-certified-engineer-directory#cid=242&sid=&certtype_php=on&certtype=PHP&firstname=&lastname=&company=&ClientCandidateID="
0,192,"Seychelles","http://www.zend.com/en/services/certification/zend-certified-engineer-directory#cid=192&sid=&certtype_php=on&certtype=PHP&firstname=&lastname=&company=&ClientCandidateID="
0,193,"Sierra Leone","http://www.zend.com/en/services/certification/zend-certified-engineer-directory#cid=193&sid=&certtype_php=on&certtype=PHP&firstname=&lastname=&company=&ClientCandidateID="
29,194,"Singapore","http://www.zend.com/en/services/certification/zend-certified-engineer-directory#cid=194&sid=&certtype_php=on&certtype=PHP&firstname=&lastname=&company=&ClientCandidateID="
12,195,"Slovakia","http://www.zend.com/en/services/certification/zend-certified-engineer-directory#cid=195&sid=&certtype_php=on&certtype=PHP&firstname=&lastname=&company=&ClientCandidateID="
42,196,"Slovenia","http://www.zend.com/en/services/certification/zend-certified-engineer-directory#cid=196&sid=&certtype_php=on&certtype=PHP&firstname=&lastname=&company=&ClientCandidateID="
0,197,"Solomon Islands","http://www.zend.com/en/services/certification/zend-certified-engineer-directory#cid=197&sid=&certtype_php=on&certtype=PHP&firstname=&lastname=&company=&ClientCandidateID="
0,198,"Somalia","http://www.zend.com/en/services/certification/zend-certified-engineer-directory#cid=198&sid=&certtype_php=on&certtype=PHP&firstname=&lastname=&company=&ClientCandidateID="
84,199,"South Africa","http://www.zend.com/en/services/certification/zend-certified-engineer-directory#cid=199&sid=&certtype_php=on&certtype=PHP&firstname=&lastname=&company=&ClientCandidateID="
0,200,"South Sandwich Islands","http://www.zend.com/en/services/certification/zend-certified-engineer-directory#cid=200&sid=&certtype_php=on&certtype=PHP&firstname=&lastname=&company=&ClientCandidateID="
296,202,"Spain","http://www.zend.com/en/services/certification/zend-certified-engineer-directory#cid=202&sid=&certtype_php=on&certtype=PHP&firstname=&lastname=&company=&ClientCandidateID="
38,203,"Sri Lanka","http://www.zend.com/en/services/certification/zend-certified-engineer-directory#cid=203&sid=&certtype_php=on&certtype=PHP&firstname=&lastname=&company=&ClientCandidateID="
0,249,"Sudan","http://www.zend.com/en/services/certification/zend-certified-engineer-directory#cid=249&sid=&certtype_php=on&certtype=PHP&firstname=&lastname=&company=&ClientCandidateID="
0,206,"Suriname","http://www.zend.com/en/services/certification/zend-certified-engineer-directory#cid=206&sid=&certtype_php=on&certtype=PHP&firstname=&lastname=&company=&ClientCandidateID="
0,207,"Svalbard and Jan Mayen","http://www.zend.com/en/services/certification/zend-certified-engineer-directory#cid=207&sid=&certtype_php=on&certtype=PHP&firstname=&lastname=&company=&ClientCandidateID="
0,208,"Swaziland","http://www.zend.com/en/services/certification/zend-certified-engineer-directory#cid=208&sid=&certtype_php=on&certtype=PHP&firstname=&lastname=&company=&ClientCandidateID="
44,209,"Sweden","http://www.zend.com/en/services/certification/zend-certified-engineer-directory#cid=209&sid=&certtype_php=on&certtype=PHP&firstname=&lastname=&company=&ClientCandidateID="
132,210,"Switzerland","http://www.zend.com/en/services/certification/zend-certified-engineer-directory#cid=210&sid=&certtype_php=on&certtype=PHP&firstname=&lastname=&company=&ClientCandidateID="
2,211,"Syrian Arab Republic","http://www.zend.com/en/services/certification/zend-certified-engineer-directory#cid=211&sid=&certtype_php=on&certtype=PHP&firstname=&lastname=&company=&ClientCandidateID="
23,212,"Taiwan","http://www.zend.com/en/services/certification/zend-certified-engineer-directory#cid=212&sid=&certtype_php=on&certtype=PHP&firstname=&lastname=&company=&ClientCandidateID="
0,213,"Tajikistan","http://www.zend.com/en/services/certification/zend-certified-engineer-directory#cid=213&sid=&certtype_php=on&certtype=PHP&firstname=&lastname=&company=&ClientCandidateID="
2,214,"Tanzania","http://www.zend.com/en/services/certification/zend-certified-engineer-directory#cid=214&sid=&certtype_php=on&certtype=PHP&firstname=&lastname=&company=&ClientCandidateID="
21,215,"Thailand","http://www.zend.com/en/services/certification/zend-certified-engineer-directory#cid=215&sid=&certtype_php=on&certtype=PHP&firstname=&lastname=&company=&ClientCandidateID="
0,216,"Togo","http://www.zend.com/en/services/certification/zend-certified-engineer-directory#cid=216&sid=&certtype_php=on&certtype=PHP&firstname=&lastname=&company=&ClientCandidateID="
0,217,"Tokelau","http://www.zend.com/en/services/certification/zend-certified-engineer-directory#cid=217&sid=&certtype_php=on&certtype=PHP&firstname=&lastname=&company=&ClientCandidateID="
0,218,"Tonga","http://www.zend.com/en/services/certification/zend-certified-engineer-directory#cid=218&sid=&certtype_php=on&certtype=PHP&firstname=&lastname=&company=&ClientCandidateID="
3,220,"Trinidad and Tobago","http://www.zend.com/en/services/certification/zend-certified-engineer-directory#cid=220&sid=&certtype_php=on&certtype=PHP&firstname=&lastname=&company=&ClientCandidateID="
16,221,"Tunisia","http://www.zend.com/en/services/certification/zend-certified-engineer-directory#cid=221&sid=&certtype_php=on&certtype=PHP&firstname=&lastname=&company=&ClientCandidateID="
40,222,"Turkey","http://www.zend.com/en/services/certification/zend-certified-engineer-directory#cid=222&sid=&certtype_php=on&certtype=PHP&firstname=&lastname=&company=&ClientCandidateID="
0,223,"Turkmenistan","http://www.zend.com/en/services/certification/zend-certified-engineer-directory#cid=223&sid=&certtype_php=on&certtype=PHP&firstname=&lastname=&company=&ClientCandidateID="
0,224,"Turks and Caicos Islands","http://www.zend.com/en/services/certification/zend-certified-engineer-directory#cid=224&sid=&certtype_php=on&certtype=PHP&firstname=&lastname=&company=&ClientCandidateID="
0,225,"Tuvalu","http://www.zend.com/en/services/certification/zend-certified-engineer-directory#cid=225&sid=&certtype_php=on&certtype=PHP&firstname=&lastname=&company=&ClientCandidateID="
1,226,"Uganda","http://www.zend.com/en/services/certification/zend-certified-engineer-directory#cid=226&sid=&certtype_php=on&certtype=PHP&firstname=&lastname=&company=&ClientCandidateID="
206,227,"Ukraine","http://www.zend.com/en/services/certification/zend-certified-engineer-directory#cid=227&sid=&certtype_php=on&certtype=PHP&firstname=&lastname=&company=&ClientCandidateID="
21,228,"United Arab Emirates","http://www.zend.com/en/services/certification/zend-certified-engineer-directory#cid=228&sid=&certtype_php=on&certtype=PHP&firstname=&lastname=&company=&ClientCandidateID="
864,229,"United Kingdom","http://www.zend.com/en/services/certification/zend-certified-engineer-directory#cid=229&sid=&certtype_php=on&certtype=PHP&firstname=&lastname=&company=&ClientCandidateID="
1984,1,"United States","http://www.zend.com/en/services/certification/zend-certified-engineer-directory#cid=1&sid=&certtype_php=on&certtype=PHP&firstname=&lastname=&company=&ClientCandidateID="
0,230,"United States Outlying Islands","http://www.zend.com/en/services/certification/zend-certified-engineer-directory#cid=230&sid=&certtype_php=on&certtype=PHP&firstname=&lastname=&company=&ClientCandidateID="
5,231,"Uruguay","http://www.zend.com/en/services/certification/zend-certified-engineer-directory#cid=231&sid=&certtype_php=on&certtype=PHP&firstname=&lastname=&company=&ClientCandidateID="
4,232,"Uzbekistan","http://www.zend.com/en/services/certification/zend-certified-engineer-directory#cid=232&sid=&certtype_php=on&certtype=PHP&firstname=&lastname=&company=&ClientCandidateID="
0,233,"Vanuatu","http://www.zend.com/en/services/certification/zend-certified-engineer-directory#cid=233&sid=&certtype_php=on&certtype=PHP&firstname=&lastname=&company=&ClientCandidateID="
0,234,"Vatican City State","http://www.zend.com/en/services/certification/zend-certified-engineer-directory#cid=234&sid=&certtype_php=on&certtype=PHP&firstname=&lastname=&company=&ClientCandidateID="
5,235,"Venezuela","http://www.zend.com/en/services/certification/zend-certified-engineer-directory#cid=235&sid=&certtype_php=on&certtype=PHP&firstname=&lastname=&company=&ClientCandidateID="
42,236,"Viet Nam","http://www.zend.com/en/services/certification/zend-certified-engineer-directory#cid=236&sid=&certtype_php=on&certtype=PHP&firstname=&lastname=&company=&ClientCandidateID="
0,237,"Virgin Islands",
0,238,"Virgin Islands",
0,240,"Wallis And Futuna","http://www.zend.com/en/services/certification/zend-certified-engineer-directory#cid=240&sid=&certtype_php=on&certtype=PHP&firstname=&lastname=&company=&ClientCandidateID="
0,241,"Western Sahara","http://www.zend.com/en/services/certification/zend-certified-engineer-directory#cid=241&sid=&certtype_php=on&certtype=PHP&firstname=&lastname=&company=&ClientCandidateID="
2,243,"Yemen","http://www.zend.com/en/services/certification/zend-certified-engineer-directory#cid=243&sid=&certtype_php=on&certtype=PHP&firstname=&lastname=&company=&ClientCandidateID="
0,244,"Zambia","http://www.zend.com/en/services/certification/zend-certified-engineer-directory#cid=244&sid=&certtype_php=on&certtype=PHP&firstname=&lastname=&company=&ClientCandidateID="
1,245,"Zimbabwe","http://www.zend.com/en/services/certification/zend-certified-engineer-directory#cid=245&sid=&certtype_php=on&certtype=PHP&firstname=&lastname=&company=&ClientCandidateID="
